ID,Trainer,Track,Runners,No. Favs,% Starting Fav,Winners,Winners %,No. Win Favs,Fav Win %,Profit/Loss to Â£1 stake,Average SP
1,R F Welshman (Snr),PerryBarr,1,0,0.00,1,100,0,0.00,3.00,3 / 1
2,L A Sawyer,Yarmouth,5,1,20.00,3,60,0,0.00,15.50,4.65 / 1
3,S Tighe,Newcastle,12,0,0.00,7,58.33,0,0.00,15.95,3.69 / 1
4,R Pickering,Yarmouth,2,0,0.00,1,50,0,0.00,3.00,5.75 / 1
5,J S Atkins,Crayford,2,0,0.00,1,50,0,0.00,3.00,5 / 1
6,A Lormor,PelawGrange,9,0,0.00,4,44.44,0,0.00,7.75,6.31 / 1
7,M A Payne,Yarmouth,7,4,57.14,3,42.85,2,50.00,0.63,2.38 / 1
8,A W Sear,PerryBarr,5,2,40.00,2,40,1,50.00,2.32,3.23 / 1
9,C King,Towcester,10,4,40.00,4,40,3,75.00,-1.45,3.56 / 1
10,C A Hendy,PerryBarr,5,1,20.00,2,40,1,100.00,0.66,3.93 / 1
11,C Watson,PelawGrange,33,17,51.51,13,39.39,9,52.94,4.80,2.97 / 1
12,C King,Henlow,11,3,27.27,4,36.36,2,66.66,5.25,4 / 1
13,R D Copping,Yarmouth,28,15,53.57,10,35.71,9,60.00,-3.29,2.88 / 1
14,P A Harmes,PerryBarr,54,24,44.44,19,35.18,8,33.33,15.06,3.04 / 1
15,B P Johnson,Swindon,20,7,35.00,7,35,4,57.14,8.96,3.71 / 1
16,G R Argent,Kinsley,6,1,16.66,2,33.33,1,100.00,1.33,3.85 / 1
17,K J Ferguson,Kinsley,9,4,44.44,3,33.33,2,50.00,0.01,3.06 / 1
18,K W Thomson,Yarmouth,3,1,33.33,1,33.33,1,100.00,-0.12,3.96 / 1
19,Ms Fiona Donovan,PerryBarr,3,1,33.33,1,33.33,1,100.00,-1.09,3.97 / 1
20,P C Hancock,Henlow,3,1,33.33,1,33.33,0,0.00,1.00,2.92 / 1
21,L S J Simpson,PelawGrange,45,9,20.00,14,31.11,5,55.55,-3.09,4.05 / 1
22,P Worton,PelawGrange,13,4,30.76,4,30.76,2,50.00,2.00,5.97 / 1
23,D Wilkinson,PelawGrange,23,5,21.73,7,30.43,2,40.00,-4.12,2.97 / 1
24,C A Perry,Sheffield,70,31,44.28,21,30,16,51.61,-14.18,3.25 / 1
25,B P Cooper,Harlow,20,6,30.00,6,30,0,0.00,11.33,3.71 / 1
26,R J Holloway,Crayford,10,2,20.00,3,30,2,100.00,1.35,4.74 / 1
27,I Hopper,PelawGrange,17,8,47.05,5,29.41,4,50.00,-2.73,2.6 / 1
28,R Jury,Swindon,59,21,35.59,17,28.81,8,38.09,16.04,3.76 / 1
29,D Cross,Doncaster,7,0,0.00,2,28.57,0,0.00,0.75,4.04 / 1
30,K A A Quinton,Yarmouth,35,10,28.57,10,28.57,6,60.00,3.38,4.4 / 1
31,M J Hughes,Kinsley,18,2,11.11,5,27.77,0,0.00,11.50,5.92 / 1
32,G Page,Yarmouth,94,25,26.59,26,27.65,12,48.00,-1.37,3.81 / 1
33,A C Wilson,Yarmouth,183,55,30.05,50,27.32,18,32.72,7.57,3.4 / 1
34,K Dobson,PelawGrange,11,4,36.36,3,27.27,1,25.00,-1.04,2.79 / 1
35,B H L Jack,Crayford,33,7,21.21,9,27.27,3,42.85,6.64,4.08 / 1
36,S Manthorpe,Yarmouth,59,22,37.28,16,27.11,11,50.00,-9.33,3.05 / 1
37,R Fletcher,Kinsley,48,9,18.75,13,27.08,5,55.55,4.73,4.5 / 1
38,W J Windle,PelawGrange,15,7,46.66,4,26.66,4,57.14,-3.87,2.66 / 1
39,S H Fletcher,Henlow,128,61,47.65,34,26.56,19,31.14,-25.04,2.65 / 1
40,P R Vincent,Harlow,236,89,37.71,61,25.84,37,41.57,-11.34,4.26 / 1
41,D Puddy,CentralPark,317,80,25.23,81,25.55,35,43.75,25.83,4.45 / 1
42,A O Hopkins,Doncaster,106,26,24.52,27,25.47,9,34.61,-1.13,4.25 / 1
43,W C Munden,Henlow,36,8,22.22,9,25,6,75.00,-6.62,5.83 / 1
44,E D Gaunt,Henlow,44,1,2.27,11,25,1,100.00,26.20,7.16 / 1
45,P Dale,Yarmouth,4,1,25.00,1,25,1,100.00,-0.25,2.88 / 1
46,S J Roberts,Towcester,40,11,27.50,10,25,3,27.27,1.34,4.09 / 1
47,R F Bennett,PelawGrange,40,12,30.00,10,25,4,33.33,4.58,3.71 / 1
48,S M Johnson,Towcester,20,6,30.00,5,25,2,33.33,-4.05,3.56 / 1
49,J R Mclachlan,PelawGrange,4,0,0.00,1,25,0,0.00,2.00,5 / 1
50,S R Thorogood,Kinsley,161,33,20.49,40,24.84,11,33.33,36.82,4.55 / 1
51,S Gaughan,Towcester,154,53,34.41,38,24.67,17,32.07,-19.00,3.42 / 1
52,R Devenish,Henlow,61,28,45.90,15,24.59,7,25.00,-11.52,2.79 / 1
53,J Rigby,PerryBarr,37,9,24.32,9,24.32,5,55.55,-7.34,4.05 / 1
54,K R Hutton,Towcester,299,105,35.11,72,24.08,43,40.95,-59.67,3.61 / 1
55,P Janssens,Towcester,79,20,25.31,19,24.05,4,20.00,-10.16,3.18 / 1
56,S Clayton,Yarmouth,50,22,44.00,12,24,6,27.27,-10.08,2.9 / 1
57,M J Dartnall,CentralPark,410,110,26.82,98,23.9,47,42.72,-43.38,4.04 / 1
58,K J Cobbold,Yarmouth,239,63,26.35,57,23.84,24,38.09,-15.95,4.04 / 1
59,A Greenwell,PelawGrange,21,5,23.80,5,23.8,2,40.00,-2.29,3.38 / 1
60,A C Murphy,PelawGrange,21,2,9.52,5,23.8,1,50.00,-3.00,4.46 / 1
61,R Short,PerryBarr,21,2,9.52,5,23.8,1,50.00,1.17,4.55 / 1
62,J G Mullins,Towcester,244,82,33.60,58,23.77,29,35.36,-48.04,3.31 / 1
63,J D Davy,Sheffield,598,194,32.44,142,23.74,74,38.14,-114.52,3.46 / 1
64,C Condon,Henlow,17,5,29.41,4,23.52,2,40.00,-4.50,4.16 / 1
65,R M Sheffield,Harlow,17,3,17.64,4,23.52,2,66.66,-1.62,4.85 / 1
66,N Langley,Kinsley,175,32,18.28,41,23.42,11,34.37,9.71,4.06 / 1
67,K Gooding,Henlow,282,85,30.14,66,23.4,35,41.17,-40.96,3.77 / 1
68,R A Dimmock,Henlow,47,9,19.14,11,23.4,3,33.33,9.63,5.06 / 1
69,J W Gaskin,Doncaster,589,248,42.10,137,23.25,86,34.67,-160.75,2.83 / 1
70,P Kennedy,PelawGrange,82,31,37.80,19,23.17,7,22.58,-0.54,2.9 / 1
71,J J Gornall,Henlow,177,39,22.03,41,23.16,19,48.71,-2.88,4.5 / 1
72,B Turner,Henlow,13,8,61.53,3,23.07,3,37.50,-7.53,2.62 / 1
73,M R Allen,Yarmouth,26,2,7.69,6,23.07,2,100.00,11.13,5.15 / 1
74,D Worton,PelawGrange,26,8,30.76,6,23.07,2,25.00,-6.27,3.3 / 1
75,J P Lambe,PerryBarr,734,215,29.29,169,23.02,66,30.69,-67.81,3.76 / 1
76,S R Parker,Doncaster,1423,343,24.10,326,22.9,131,38.19,-95.12,4.3 / 1
77,J A Marriott,Sheffield,44,13,29.54,10,22.72,4,30.76,-5.96,3.55 / 1
78,F Bryce,PerryBarr,31,12,38.70,7,22.58,3,25.00,-6.87,3.53 / 1
79,P J Rosney,PerryBarr,523,169,32.31,118,22.56,54,31.95,-58.18,3.66 / 1
80,K R Proctor,Harlow,40,4,10.00,9,22.5,1,25.00,3.75,4.43 / 1
81,D A Dark,Swindon,40,10,25.00,9,22.5,3,30.00,-7.51,3.58 / 1
82,C R Akers,Sheffield,103,28,27.18,23,22.33,12,42.85,-22.31,3.84 / 1
83,J Watson,PelawGrange,54,12,22.22,12,22.22,7,58.33,-21.29,4.53 / 1
84,G G Howes,Yarmouth,9,1,11.11,2,22.22,1,100.00,2.25,3.88 / 1
85,B W Stuart,Newcastle,18,9,50.00,4,22.22,3,33.33,-5.12,3.53 / 1
86,A J West,Monmore,45,13,28.88,10,22.22,6,46.15,-9.36,4 / 1
87,B Draper,Sheffield,1351,446,33.01,300,22.2,153,34.30,-318.36,3.45 / 1
88,C F Allen,Harlow,50,10,20.00,11,22,6,60.00,-8.59,4.91 / 1
89,J M Lowe,Sheffield,242,48,19.83,53,21.9,24,50.00,-33.51,4.55 / 1
90,G F Murphy,Henlow,32,6,18.75,7,21.87,4,66.66,-7.62,3.76 / 1
91,R J Turney,Henlow,87,15,17.24,19,21.83,6,40.00,-11.31,5.03 / 1
92,R B Galloway,PelawGrange,55,14,25.45,12,21.81,2,14.28,-0.62,3.78 / 1
93,A W Cartwright,Henlow,69,16,23.18,15,21.73,7,43.75,-16.20,5.25 / 1
94,M Newberry,Yarmouth,37,11,29.72,8,21.62,5,45.45,-9.29,3.53 / 1
95,S Watson,Doncaster,1042,342,32.82,225,21.59,114,33.33,-238.59,3.69 / 1
96,P Barlow,Sheffield,410,96,23.41,88,21.46,35,36.45,-56.42,4.1 / 1
97,J Bloomfield,Henlow,1064,287,26.97,228,21.42,102,35.54,-160.16,4.24 / 1
98,R D Copping,Harlow,42,8,19.04,9,21.42,2,25.00,-2.04,3.89 / 1
99,D W Wright,Kinsley,287,68,23.69,61,21.25,18,26.47,-17.72,4.02 / 1
100,C Smith,PerryBarr,33,7,21.21,7,21.21,3,42.85,1.76,4.86 / 1
101,P A Holder,PerryBarr,453,92,20.30,96,21.19,31,33.69,-28.54,4.36 / 1
102,M W Jeans,Swindon,104,7,6.73,22,21.15,3,42.85,11.05,6.05 / 1
103,P T Henman,Henlow,52,15,28.84,11,21.15,6,40.00,-20.21,4.43 / 1
104,L Cook,Nottingham,629,181,28.77,133,21.14,58,32.04,-127.24,3.71 / 1
105,I P Stevens,Crayford,95,16,16.84,20,21.05,3,18.75,12.75,4.74 / 1
106,J Sutherst,Sunderland,561,144,25.66,118,21.03,58,40.27,-145.84,3.87 / 1
107,G A Foot,Doncaster,81,17,20.98,17,20.98,6,35.29,-10.63,4.72 / 1
108,A W Sear,Towcester,62,15,24.19,13,20.96,7,46.66,-22.70,4.49 / 1
109,P M Donovan,CentralPark,690,172,24.92,144,20.86,62,36.04,-157.04,4.23 / 1
110,D Acott,PerryBarr,72,19,26.38,15,20.83,7,36.84,-15.91,4.71 / 1
111,B Fairbairn,PelawGrange,48,11,22.91,10,20.83,2,18.18,-11.34,3.65 / 1
112,C J Joyce,Towcester,77,17,22.07,16,20.77,8,47.05,-16.64,3.85 / 1
113,G Kovac,Towcester,77,10,12.98,16,20.77,7,70.00,-5.13,5.53 / 1
114,E A Gaskin,Romford,212,66,31.13,44,20.75,26,39.39,-54.06,4.08 / 1
115,J Campbell,Swindon,159,43,27.04,33,20.75,15,34.88,-32.96,4.11 / 1
116,W Sheldon,PelawGrange,53,14,26.41,11,20.75,5,35.71,-16.49,3.9 / 1
117,D N Lewis,Swindon,381,92,24.14,79,20.73,33,35.86,-57.24,4.06 / 1
118,B Stowe,Towcester,145,26,17.93,30,20.68,10,38.46,-31.65,4.29 / 1
119,D Beattie,Doncaster,34,9,26.47,7,20.58,2,22.22,-8.49,3.81 / 1
120,K M Tobin,Doncaster,68,13,19.11,14,20.58,4,30.76,-11.12,4.46 / 1
121,N S Black,Newcastle,107,33,30.84,22,20.56,8,24.24,-19.07,4.04 / 1
122,M F Alden,Henlow,73,12,16.43,15,20.54,8,66.66,-23.86,4.48 / 1
123,L J Stephenson,Sheffield,976,242,24.79,200,20.49,85,35.12,-196.07,4.05 / 1
124,S J West,Hove,83,25,30.12,17,20.48,11,44.00,-24.05,4.08 / 1
125,B Reynolds,PerryBarr,44,15,34.09,9,20.45,5,33.33,-13.62,4.1 / 1
126,S Moore,Sheffield,44,10,22.72,9,20.45,4,40.00,-11.03,4.16 / 1
127,S Moore,Nottingham,98,21,21.42,20,20.4,7,33.33,-17.78,4.1 / 1
128,G Carmichael,Newcastle,255,60,23.52,52,20.39,24,40.00,-40.27,4.38 / 1
129,P Meek,PerryBarr,270,64,23.70,55,20.37,17,26.56,-11.76,3.99 / 1
130,P R Foster,Swindon,614,173,28.17,125,20.35,61,35.26,-154.08,3.84 / 1
131,R Devenish,Towcester,187,45,24.06,38,20.32,14,31.11,-27.55,4.16 / 1
132,A O Hopkins,Nottingham,187,44,23.52,38,20.32,14,31.81,-28.07,4.22 / 1
133,C W Brown,Kinsley,74,17,22.97,15,20.27,4,23.52,-8.29,4.22 / 1
134,T Robinson,PelawGrange,79,26,32.91,16,20.25,7,26.92,-9.81,3.77 / 1
135,M A Wallis,Henlow,1161,279,24.03,235,20.24,105,37.63,-179.25,4.61 / 1
136,B Denby,Nottingham,886,213,24.04,179,20.2,74,34.74,-152.35,4.22 / 1
137,W M Scoles,Henlow,243,34,13.99,49,20.16,15,44.11,-4.57,5.64 / 1
138,P J Doocey,PerryBarr,164,60,36.58,33,20.12,21,35.00,-48.33,3.71 / 1
139,P M Holland,PerryBarr,159,35,22.01,32,20.12,10,28.57,-14.17,4.26 / 1
140,M R Sillars,PelawGrange,55,11,20.00,11,20,3,27.27,-8.05,3.93 / 1
141,S L Newberry,PerryBarr,205,28,13.65,41,20,13,46.42,-0.42,4.99 / 1
142,R E Allder,Towcester,70,15,21.42,14,20,6,40.00,-13.44,4.11 / 1
143,G Rankin,PelawGrange,50,12,24.00,10,20,2,16.66,-8.50,4.95 / 1
144,A M Talbot,Kinsley,35,7,20.00,7,20,2,28.57,-7.87,4.49 / 1
145,M Fieldson,Sunderland,5,0,0.00,1,20,0,0.00,-2.12,5.33 / 1
146,D M Mclaughlan,PelawGrange,5,0,0.00,1,20,0,0.00,-4.00,4.25 / 1
147,R Welshman,PerryBarr,25,4,16.00,5,20,1,25.00,5.63,4.8 / 1
148,B Stowe,Henlow,10,3,30.00,2,20,0,0.00,1.63,3.13 / 1
149,C A Grasso,Towcester,50,12,24.00,10,20,2,16.66,-12.54,4 / 1
150,M Brighton,Yarmouth,30,6,20.00,6,20,4,66.66,-9.17,4.45 / 1
151,N I Wills,Harlow,611,140,22.91,122,19.96,46,32.85,-113.55,3.82 / 1
152,J W Reynolds,Crayford,1373,369,26.87,274,19.95,119,32.24,-274.19,3.88 / 1
153,P J Manley,Henlow,136,12,8.82,27,19.85,4,33.33,29.71,7.24 / 1
154,C Wilson,Henlow,131,14,10.68,26,19.84,5,35.71,20.29,5.68 / 1
155,J Bloomfield,Towcester,121,20,16.52,24,19.83,5,25.00,0.25,5.48 / 1
156,C L S Snare,Yarmouth,121,21,17.35,24,19.83,10,47.61,-17.16,4.28 / 1
157,P A Bedding,PelawGrange,227,38,16.74,45,19.82,13,34.21,-57.55,4.58 / 1
158,D D Knight,Hove,1065,227,21.31,211,19.81,86,37.88,-213.05,4.51 / 1
159,C Weatherall,Sheffield,323,80,24.76,64,19.81,29,36.25,-80.86,4.03 / 1
160,P Ancell,Kinsley,167,33,19.76,33,19.76,14,42.42,-34.99,4.39 / 1
161,M E Westwood,Henlow,1156,242,20.93,228,19.72,91,37.60,-159.79,4.68 / 1
162,T Tungatt,Henlow,66,11,16.66,13,19.69,5,45.45,19.46,6.8 / 1
163,G Rankin,Monmore,219,47,21.46,43,19.63,14,29.78,-52.38,4.11 / 1
164,P M Holland,Nottingham,276,54,19.56,54,19.56,25,46.29,-53.57,4.84 / 1
165,E J Cantillon,Henlow,363,78,21.48,71,19.55,26,33.33,-41.13,4.7 / 1
166,G Vincent,Swindon,164,48,29.26,32,19.51,18,37.50,-52.50,4 / 1
167,P Shore,Towcester,303,66,21.78,59,19.47,19,28.78,-45.45,4.26 / 1
168,P D Burr,Yarmouth,709,199,28.06,138,19.46,58,29.14,-185.75,3.91 / 1
169,H J Dimmock,Towcester,468,88,18.80,91,19.44,31,35.22,-73.73,4.48 / 1
170,M Hurst,Doncaster,72,21,29.16,14,19.44,5,23.80,-11.34,3.9 / 1
171,V K Thom,Harlow,763,144,18.87,148,19.39,38,26.38,-41.39,4.48 / 1
172,S A Saberton,Harlow,1506,342,22.70,292,19.38,101,29.53,-241.55,4.01 / 1
173,M N Fenwick,CentralPark,1386,316,22.79,268,19.33,118,37.34,-331.04,4.48 / 1
174,D A Hunt,Swindon,119,32,26.89,23,19.32,9,28.12,-25.71,4.2 / 1
175,P I Cowdrill,Monmore,1087,263,24.19,210,19.31,91,34.60,-252.15,4.34 / 1
176,P Held,Harlow,145,23,15.86,28,19.31,13,56.52,-17.28,4.46 / 1
177,H Grimshaw,Sheffield,508,101,19.88,98,19.29,39,38.61,-65.21,5.16 / 1
178,T C Heilbron,Newcastle,494,96,19.43,95,19.23,34,35.41,-82.52,4.49 / 1
179,P D A Dugmore,Nottingham,26,5,19.23,5,19.23,2,40.00,-6.09,4.72 / 1
180,D B Whitton,Crayford,585,103,17.60,112,19.14,36,34.95,-97.32,4.7 / 1
181,D Mullins,Romford,1719,401,23.32,328,19.08,132,32.91,-359.92,4.35 / 1
182,S R Gresham,Swindon,100,32,32.00,19,19,12,37.50,-31.15,3.65 / 1
183,K M Grayson,Sheffield,548,122,22.26,104,18.97,36,29.50,-154.46,4.21 / 1
184,F J Gray,Towcester,1292,281,21.74,245,18.96,88,31.31,-264.06,4.35 / 1
185,M A Wallis,Towcester,211,49,23.22,40,18.95,16,32.65,-33.09,4.37 / 1
186,D Welding,PerryBarr,153,38,24.83,29,18.95,12,31.57,-40.72,4.3 / 1
187,J J Luckhurst,Crayford,1733,357,20.60,328,18.92,127,35.57,-364.09,4.52 / 1
188,R A Clarke,Yarmouth,37,20,54.05,7,18.91,4,20.00,-18.15,2.69 / 1
189,P J Doocey,Monmore,37,11,29.72,7,18.91,2,18.18,-0.29,3.8 / 1
190,J M Windrass,Doncaster,371,60,16.17,70,18.86,19,31.66,-19.29,5.94 / 1
191,B S Green,Hove,1416,317,22.38,267,18.85,102,32.17,-305.72,4.51 / 1
192,S J Pedder,Henlow,69,12,17.39,13,18.84,4,33.33,-19.31,4.29 / 1
193,R Rotherham,PelawGrange,69,4,5.80,13,18.84,0,0.00,0.83,5.67 / 1
194,S J Atkinson,Newcastle,324,70,21.60,61,18.82,15,21.42,-27.43,4.81 / 1
195,A M Kibble,Swindon,1414,353,24.96,266,18.81,114,32.29,-280.43,4.43 / 1
196,P Webster,PerryBarr,202,47,23.26,38,18.81,18,38.29,-51.62,4.3 / 1
197,G A Rees,Sheffield,271,48,17.71,51,18.81,14,29.16,-40.26,4.55 / 1
198,P A Holmes,Kinsley,250,26,10.40,47,18.8,10,38.46,-27.67,5.04 / 1
199,R Mccarthy,PelawGrange,250,33,13.20,47,18.8,13,39.39,-5.51,5.32 / 1
200,C A Evans,Doncaster,213,44,20.65,40,18.77,15,34.09,-32.68,5.07 / 1
201,I Mawson,PelawGrange,32,8,25.00,6,18.75,2,25.00,-9.12,3.68 / 1
202,S J Ballard,Yarmouth,16,6,37.50,3,18.75,2,33.33,-7.37,2.66 / 1
203,K E Seville,Kinsley,836,249,29.78,156,18.66,48,19.27,-182.92,3.71 / 1
204,C A Grasso,Henlow,188,64,34.04,35,18.61,26,40.62,-84.89,3.78 / 1
205,D Cooper,Kinsley,199,41,20.60,37,18.59,14,34.14,-37.49,4.44 / 1
206,C Handford,Sheffield,113,17,15.04,21,18.58,4,23.52,-18.37,5.08 / 1
207,K R Hutton,Monmore,140,45,32.14,26,18.57,15,33.33,-51.73,3.97 / 1
208,P Clarke,Harlow,2182,528,24.19,405,18.56,136,25.75,-465.77,4.19 / 1
209,A Stone,Nottingham,496,83,16.73,92,18.54,29,34.93,-52.88,5.15 / 1
210,R P Smith,PerryBarr,243,56,23.04,45,18.51,14,25.00,-49.00,4.28 / 1
211,T M Levers,Crayford,1899,383,20.16,351,18.48,125,32.63,-396.82,4.54 / 1
212,R Fitch,Henlow,211,41,19.43,39,18.48,13,31.70,-34.01,4.83 / 1
213,P Tsirigotis,Henlow,260,57,21.92,48,18.46,16,28.07,-33.15,4.77 / 1
214,S G Tighe,Newcastle,596,93,15.60,110,18.45,35,37.63,-83.14,4.83 / 1
215,K M Oflaherty,Crayford,928,187,20.15,171,18.42,59,31.55,-179.56,4.48 / 1
216,P Kennedy,Newcastle,152,34,22.36,28,18.42,9,26.47,-30.95,4.09 / 1
217,D F Carter,Harlow,576,113,19.61,106,18.4,27,23.89,-72.27,4.56 / 1
218,P Miller,Sunderland,1695,329,19.41,312,18.4,100,30.39,-326.56,4.6 / 1
219,P B Philpott,Henlow,87,15,17.24,16,18.39,6,40.00,-11.79,6.01 / 1
220,M K Hamilton,Henlow,49,14,28.57,9,18.36,5,35.71,-16.85,3.88 / 1
221,G F Parker,Yarmouth,60,8,13.33,11,18.33,3,37.50,-16.66,4.32 / 1
222,J Sharp,Sheffield,716,119,16.62,131,18.29,43,36.13,-145.75,4.8 / 1
223,N J Hunt,Romford,1417,276,19.47,259,18.27,84,30.43,-260.66,4.65 / 1
224,R A Baker,Towcester,197,37,18.78,36,18.27,6,16.21,4.54,4.92 / 1
225,B Doyle,Romford,1397,295,21.11,255,18.25,83,28.13,-254.96,4.58 / 1
226,S Anderson,Newcastle,577,110,19.06,105,18.19,39,35.45,-113.31,4.56 / 1
227,P A Sallis,Monmore,1616,294,18.19,294,18.19,104,35.37,-282.82,4.93 / 1
228,L G Tuffin,Towcester,621,106,17.06,113,18.19,36,33.96,-155.12,4.8 / 1
229,K G Hardiman,Henlow,22,3,13.63,4,18.18,2,66.66,-1.00,5.61 / 1
230,P N Richardson,PelawGrange,33,1,3.03,6,18.18,0,0.00,-1.25,5.25 / 1
231,R P Smith,Towcester,187,23,12.29,34,18.18,10,43.47,-32.43,5 / 1
232,R J Leeks,Harlow,66,11,16.66,12,18.18,2,18.18,-4.21,5.08 / 1
233,C Condon,Towcester,22,6,27.27,4,18.18,1,16.66,-6.00,5.62 / 1
234,P P Deal,Harlow,11,5,45.45,2,18.18,1,20.00,-4.37,4.32 / 1
235,G B Ballentine,PerryBarr,809,157,19.40,147,18.17,54,34.39,-170.13,4.32 / 1
236,R B York,Harlow,424,78,18.39,77,18.16,24,30.76,-83.91,4.15 / 1
237,P Rutherford,Newcastle,915,192,20.98,166,18.14,69,35.93,-208.10,4.6 / 1
238,C N Wilton,Nottingham,700,148,21.14,127,18.14,37,25.00,-132.82,4.56 / 1
239,P Prior,Doncaster,419,85,20.28,76,18.13,28,32.94,-110.13,4.55 / 1
240,J Andrews,Sheffield,851,164,19.27,154,18.09,52,31.70,-189.77,4.77 / 1
241,T S Welch,Harlow,133,24,18.04,24,18.04,8,33.33,-27.71,4.36 / 1
242,A E Gardiner,Hove,1369,274,20.01,247,18.04,98,35.76,-279.66,4.65 / 1
243,A R Keppie,Hove,1053,196,18.61,190,18.04,64,32.65,-205.83,4.95 / 1
244,A G Rawlings,Swindon,732,153,20.90,132,18.03,46,30.06,-157.72,4.53 / 1
245,S A Cahill,Hove,1943,450,23.16,350,18.01,135,30.00,-464.95,4.5 / 1
246,M P Brown,Romford,1188,252,21.21,214,18.01,90,35.71,-272.95,4.77 / 1
247,S Mcdonald,Swindon,1333,295,22.13,240,18,98,33.22,-365.99,4.33 / 1
248,D Alcorn,Newcastle,822,122,14.84,148,18,37,30.32,-56.12,5.2 / 1
249,Q P Bevan,Swindon,50,12,24.00,9,18,1,8.33,-2.50,4.21 / 1
250,W Finley,Doncaster,50,4,8.00,9,18,3,75.00,-6.09,6.73 / 1
251,N J Deas,Crayford,1384,247,17.84,249,17.99,79,31.98,-224.04,4.78 / 1
252,M L Locke,Romford,1989,402,20.21,358,17.99,120,29.85,-383.72,4.78 / 1
253,D E Fradgley,Kinsley,417,128,30.69,75,17.98,35,27.34,-113.52,3.92 / 1
254,A M P Collett,CentralPark,1907,425,22.28,343,17.98,146,34.35,-530.35,4.94 / 1
255,P Simpson,PelawGrange,134,19,14.17,24,17.91,7,36.84,-37.18,5.43 / 1
256,J Pearson,Harlow,335,30,8.96,60,17.91,13,43.33,-44.30,5.19 / 1
257,N F Carter,Crayford,1140,182,15.96,204,17.89,55,30.21,-224.71,4.74 / 1
258,J Moore,Sheffield,313,58,18.53,56,17.89,17,29.31,-85.05,4.49 / 1
259,D Golightly,Doncaster,151,19,12.58,27,17.88,7,36.84,-18.66,5.16 / 1
260,A Ioannou,Towcester,179,19,10.61,32,17.87,4,21.05,-5.51,5.45 / 1
261,T Kibble,Swindon,845,147,17.39,151,17.86,41,27.89,-95.71,5.08 / 1
262,F C Ohare,PerryBarr,28,4,14.28,5,17.85,1,25.00,1.00,5.46 / 1
263,S J Rayner,Towcester,578,89,15.39,103,17.82,32,35.95,-145.36,4.96 / 1
264,G Walker,PelawGrange,101,17,16.83,18,17.82,5,29.41,-37.34,4.98 / 1
265,E Y Bell,Sunderland,1565,341,21.78,278,17.76,124,36.36,-435.59,4.48 / 1
266,G Kovac,Doncaster,62,6,9.68,11,17.74,4,66.66,-13.90,5.36 / 1
267,K Dodington,CentralPark,897,197,21.96,159,17.72,76,38.57,-274.25,5.05 / 1
268,G Conway,Doncaster,130,27,20.76,23,17.69,9,33.33,-36.38,4.59 / 1
269,P J Wilson,Nottingham,317,54,17.03,56,17.66,17,31.48,-92.34,4.5 / 1
270,P V Swadden,Swindon,1116,225,20.16,197,17.65,64,28.44,-252.33,4.48 / 1
271,M T Baker,Monmore,17,2,11.76,3,17.64,1,50.00,-3.87,5.84 / 1
272,K Billingham,Monmore,2075,401,19.32,366,17.63,132,32.91,-450.01,4.92 / 1
273,N P Ralph Jnr,PerryBarr,159,26,16.35,28,17.61,9,34.61,-25.32,4.95 / 1
274,S Mavrias,CentralPark,1698,374,22.02,299,17.6,124,33.15,-503.37,4.61 / 1
275,P A Curtin,Monmore,1189,193,16.23,209,17.57,67,34.71,-276.28,5.06 / 1
276,M T Munslow,Nottingham,803,188,23.41,141,17.55,55,29.25,-224.20,4.1 / 1
277,K Gooding,Towcester,57,17,29.82,10,17.54,5,29.41,-24.30,3.8 / 1
278,L Field,Monmore,2138,384,17.96,375,17.53,129,33.59,-461.53,4.96 / 1
279,H Burton,Newcastle,1032,161,15.60,181,17.53,53,32.91,-181.19,4.85 / 1
280,P Naylor,PerryBarr,217,43,19.81,38,17.51,14,32.55,-39.16,4.61 / 1
281,G Strike,Sunderland,1496,263,17.58,262,17.51,90,34.22,-293.92,4.94 / 1
282,E Upton,Kinsley,200,48,24.00,35,17.5,15,31.25,-53.09,4.09 / 1
283,D P Brabon,CentralPark,920,158,17.17,161,17.5,56,35.44,-162.53,5.15 / 1
284,G Gillett,Swindon,280,35,12.50,49,17.5,13,37.14,-11.98,5.96 / 1
285,D B Whitton,Harlow,526,123,23.38,92,17.49,33,26.82,-121.20,3.85 / 1
286,M J Rice,Yarmouth,926,155,16.73,162,17.49,62,40.00,-242.30,4.85 / 1
287,C Jackson,Newcastle,183,48,26.22,32,17.48,13,27.08,-50.84,3.97 / 1
288,D F Carter,Yarmouth,509,93,18.27,89,17.48,37,39.78,-148.11,5.03 / 1
289,P Webster,Sheffield,229,42,18.34,40,17.46,14,33.33,-74.02,4.43 / 1
290,S A Maxwell,PelawGrange,86,8,9.30,15,17.44,2,25.00,-12.79,5.85 / 1
291,A Thompson,Nottingham,902,153,16.96,157,17.4,42,27.45,-192.62,4.91 / 1
292,K Metcalfe,PelawGrange,23,1,4.35,4,17.39,0,0.00,-5.50,6.93 / 1
293,S J Rayner,Henlow,311,42,13.50,54,17.36,19,45.23,-32.50,5.78 / 1
294,A M Kirby,Harlow,854,139,16.27,148,17.33,47,33.81,-163.12,4.81 / 1
295,R Pickering,Harlow,202,31,15.34,35,17.32,13,41.93,-43.60,4.65 / 1
296,J G Mullins,Yarmouth,52,15,28.84,9,17.3,5,33.33,-20.69,4.16 / 1
297,K Dobson,Sunderland,185,45,24.32,32,17.29,10,22.22,-49.58,4.5 / 1
298,D O Pearce,Swindon,758,124,16.35,131,17.28,32,25.80,-130.13,4.91 / 1
299,S Oakes,Kinsley,110,26,23.63,19,17.27,10,38.46,-32.08,4.39 / 1
300,S Linley,Sunderland,1390,258,18.56,240,17.26,83,32.17,-336.22,4.89 / 1
301,R P Hamilton,Henlow,197,39,19.79,34,17.25,14,35.89,-71.17,4.35 / 1
302,T Hudson,PerryBarr,58,7,12.06,10,17.24,1,14.28,12.66,5.74 / 1
303,B Lomax,Kinsley,29,4,13.79,5,17.24,1,25.00,-6.92,4.6 / 1
304,A Newitt,Towcester,29,6,20.68,5,17.24,3,50.00,-13.92,5.07 / 1
305,G L Davidson,Crayford,522,115,22.03,90,17.24,35,30.43,-142.82,4.93 / 1
306,P Ward,Harlow,809,133,16.44,139,17.18,33,24.81,-153.56,4.4 / 1
307,H H Williams,PerryBarr,64,12,18.75,11,17.18,4,33.33,-19.29,4.99 / 1
308,M J Siddall,Kinsley,1032,152,14.72,177,17.15,46,30.26,-201.57,4.72 / 1
309,C J Houlding,Yarmouth,35,16,45.71,6,17.14,5,31.25,-17.25,3.13 / 1
310,D W Lee,Crayford,1542,282,18.28,264,17.12,81,28.72,-335.43,4.66 / 1
311,J F Spracklen,Swindon,111,15,13.51,19,17.11,4,26.66,4.05,5.56 / 1
312,J Zivkovic,Kinsley,380,78,20.52,65,17.1,30,38.46,-107.52,4.32 / 1
313,S Caile,Newcastle,837,160,19.11,143,17.08,53,33.12,-176.55,4.75 / 1
314,P T Maynard,Swindon,492,76,15.44,84,17.07,26,34.21,-96.21,5.35 / 1
315,K Coupe,Doncaster,270,65,24.07,46,17.03,16,24.61,-63.95,4.53 / 1
316,G A Griffiths,Towcester,323,52,16.09,55,17.02,20,38.46,-45.03,4.83 / 1
317,D H Brighton,Yarmouth,141,35,24.82,24,17.02,12,34.28,-45.73,4.53 / 1
318,C A Gilbert,PerryBarr,47,5,10.63,8,17.02,2,40.00,-13.46,4.73 / 1
319,N E M Mcellistrim,Hove,1056,183,17.32,179,16.95,56,30.60,-230.02,5.12 / 1
320,S M Buckland,Monmore,2046,380,18.57,347,16.95,117,30.78,-539.33,4.75 / 1
321,P Timmins,Nottingham,295,74,25.08,50,16.94,27,36.48,-116.74,4.47 / 1
322,S J Spillane,Nottingham,543,105,19.33,92,16.94,32,30.47,-140.01,4.7 / 1
323,P N Godfrey,Swindon,177,31,17.51,30,16.94,11,35.48,-53.49,4.52 / 1
324,R J Overton,Doncaster,897,163,18.17,152,16.94,51,31.28,-178.56,4.98 / 1
325,L Eagleton,PelawGrange,431,55,12.76,73,16.93,17,30.90,-125.85,5.5 / 1
326,P Taylor,Kinsley,71,9,12.67,12,16.9,4,44.44,-10.25,4.78 / 1
327,M C B Collins,Hove,711,94,13.22,120,16.87,31,32.97,-146.54,5.21 / 1
328,M C B Collins,Hove,711,94,13.22,120,16.87,31,32.97,-146.54,5.21 / 1
329,A P Tuffin,Towcester,760,137,18.02,128,16.84,40,29.19,-164.72,4.93 / 1
330,B P Warren,Henlow,184,26,14.13,31,16.84,10,38.46,-9.67,6.03 / 1
331,T Jameson,PelawGrange,95,17,17.89,16,16.84,4,23.52,-24.55,4.2 / 1
332,N M Slowley,PerryBarr,677,136,20.08,114,16.83,43,31.61,-213.89,4.3 / 1
333,A Harrison,Newcastle,2383,498,20.89,400,16.78,152,30.52,-776.84,4.36 / 1
334,B Heaton,Kinsley,1224,249,20.34,205,16.74,63,25.30,-314.30,4.2 / 1
335,K Everitt,Doncaster,508,56,11.02,85,16.73,19,33.92,-85.85,5.49 / 1
336,J J Fenwick,Newcastle,1634,293,17.93,273,16.7,104,35.49,-490.81,4.64 / 1
337,J J Heath,Hove,2012,344,17.09,336,16.69,103,29.94,-497.40,5.02 / 1
338,B D Osullivan,CentralPark,2845,502,17.64,475,16.69,169,33.66,-792.88,5.27 / 1
339,K C Robins,Henlow,600,100,16.66,100,16.66,35,35.00,-149.72,5.57 / 1
340,J Waugh,Kinsley,30,9,30.00,5,16.66,2,22.22,-4.00,4.25 / 1
341,R C Philpot,Harlow,102,16,15.68,17,16.66,6,37.50,-27.99,4.73 / 1
342,A Cobb,Harlow,12,1,8.33,2,16.66,0,0.00,0.33,4.3 / 1
343,D R Pruhs,Yarmouth,12,2,16.66,2,16.66,1,50.00,-6.15,4.6 / 1
344,H Thompson-brown,Kinsley,6,1,16.66,1,16.66,0,0.00,-1.00,3.54 / 1
345,I Page,PelawGrange,18,3,16.66,3,16.66,2,66.66,-1.25,5.05 / 1
346,D A Dark,Hove,42,9,21.42,7,16.66,2,22.22,-9.37,4.82 / 1
347,R A Dimmock,Towcester,6,1,16.66,1,16.66,0,0.00,-0.50,6 / 1
348,P W Young,Romford,4921,798,16.21,819,16.64,259,32.45,-1045.50,4.97 / 1
349,J G Hurst,Kinsley,820,146,17.80,136,16.58,42,28.76,-179.68,4.46 / 1
350,M E Wiley,Romford,1865,321,17.21,309,16.56,90,28.03,-418.55,5.08 / 1
351,C S Fereday,Monmore,1611,270,16.75,266,16.51,83,30.74,-388.82,4.89 / 1
352,A M Kemp,PerryBarr,97,21,21.64,16,16.49,5,23.80,-29.87,4.13 / 1
353,M Shields,Yarmouth,97,22,22.68,16,16.49,4,18.18,-17.87,4.41 / 1
354,J A White,Nottingham,91,11,12.08,15,16.48,5,45.45,-20.71,5.28 / 1
355,N J Saunders,Sheffield,1032,133,12.88,170,16.47,59,44.36,-255.39,5.42 / 1
356,R Williams,PerryBarr,249,57,22.89,41,16.46,19,33.33,-81.25,4.25 / 1
357,A Ioannou,Henlow,310,48,15.48,51,16.45,16,33.33,-56.53,5.48 / 1
358,K Blackbird,Sunderland,2237,385,17.21,368,16.45,115,29.87,-531.68,5.08 / 1
359,P S Rea,Henlow,640,116,18.12,105,16.4,50,43.10,-211.53,5.39 / 1
360,J E Craske,Yarmouth,488,101,20.69,80,16.39,24,23.76,-110.12,4.75 / 1
361,J E Meek,Monmore,958,183,19.10,157,16.38,59,32.24,-316.62,4.99 / 1
362,J Blunt,Henlow,531,93,17.51,87,16.38,27,29.03,-110.50,5.63 / 1
363,A K Jenkins,Monmore,959,175,18.24,157,16.37,44,25.14,-226.78,4.94 / 1
364,J A Teal,Sunderland,910,157,17.25,149,16.37,58,36.94,-301.30,4.64 / 1
365,S Ray,Newcastle,1557,234,15.02,254,16.31,75,32.05,-356.87,4.87 / 1
366,M N May,Kinsley,1051,180,17.12,171,16.27,45,25.00,-251.36,4.55 / 1
367,G A Payne,Henlow,621,120,19.32,101,16.26,34,28.33,-190.82,5.06 / 1
368,E G Samuels,Yarmouth,1421,261,18.36,231,16.25,80,30.65,-394.07,4.75 / 1
369,P C White,Monmore,1590,259,16.28,258,16.22,78,30.11,-406.01,4.96 / 1
370,W Russell,PerryBarr,222,37,16.66,36,16.21,9,24.32,-53.30,4.65 / 1
371,J Daly,Crayford,2329,398,17.08,377,16.18,131,32.91,-691.56,4.77 / 1
372,A Kelly-pilgrim,Crayford,1528,268,17.53,247,16.16,85,31.71,-466.53,4.66 / 1
373,W E Short,Hove,631,102,16.16,102,16.16,39,38.23,-171.96,5.22 / 1
374,E Y Bell,Newcastle,433,134,30.94,70,16.16,37,27.61,-174.45,3.88 / 1
375,J Walton,Newcastle,359,72,20.05,58,16.15,19,26.38,-77.50,4.54 / 1
376,J L Mccombe,Doncaster,471,115,24.41,76,16.13,38,33.04,-188.55,4.53 / 1
377,T M Goodyear,Yarmouth,62,15,24.19,10,16.12,5,33.33,-21.90,3.88 / 1
378,I Page,Kinsley,31,2,6.45,5,16.12,1,50.00,-10.75,5.75 / 1
379,J T Foster,Towcester,124,18,14.51,20,16.12,8,44.44,-30.92,5.59 / 1
380,S Maplesden,Hove,1316,222,16.86,212,16.1,68,30.63,-309.01,5.13 / 1
381,P I Cross,Yarmouth,888,123,13.85,143,16.1,37,30.08,-193.52,5.36 / 1
382,A J Dunn,Monmore,1194,264,22.11,192,16.08,66,25.00,-361.89,4.65 / 1
383,S R Bennett,Kinsley,199,41,20.60,32,16.08,13,31.70,-72.55,4.37 / 1
384,D A Dodd,CentralPark,56,15,26.78,9,16.07,7,46.66,-20.97,5.45 / 1
385,K Hodson,Sheffield,878,161,18.33,141,16.05,54,33.54,-284.06,4.64 / 1
386,M Walsh,Newcastle,374,71,18.98,60,16.04,26,36.61,-143.50,4.75 / 1
387,M K Smith,Crayford,823,141,17.13,132,16.03,44,31.20,-208.62,5.04 / 1
388,D Henry,Towcester,25,7,28.00,4,16,1,14.28,-10.00,4.08 / 1
389,J Simpson,Doncaster,1102,135,12.25,176,15.97,46,34.07,-215.49,5.65 / 1
390,J Llewellin,Nottingham,1603,178,11.10,256,15.97,60,33.70,-294.76,6 / 1
391,J T Kingsley,Hove,1191,234,19.64,190,15.95,74,31.62,-424.75,4.82 / 1
392,G A Griffiths,Monmore,138,26,18.84,22,15.94,6,23.07,-39.29,5.18 / 1
393,J B Thompson,Monmore,1870,375,20.05,298,15.93,104,27.73,-574.87,4.75 / 1
394,J Gray,Nottingham,1067,177,16.58,170,15.93,64,36.15,-376.21,4.72 / 1
395,R M Emery,Harlow,565,91,16.10,90,15.92,26,28.57,-146.28,5.07 / 1
396,R P Rees,Hove,892,202,22.64,142,15.91,58,28.71,-308.12,4.48 / 1
397,J D Fitton,Sheffield,132,20,15.15,21,15.9,9,45.00,-41.95,5.25 / 1
398,M A Fisher,Henlow,44,8,18.18,7,15.9,3,37.50,-14.75,4.89 / 1
399,A L Steels,Towcester,44,10,22.72,7,15.9,3,30.00,-18.70,4.55 / 1
400,T Batchelor,Crayford,674,110,16.32,107,15.87,35,31.81,-218.17,4.74 / 1
401,J Turner,Crayford,1670,300,17.96,265,15.86,83,27.66,-471.96,4.78 / 1
402,E Gowler,Harlow,542,83,15.31,86,15.86,18,21.68,-130.24,4.79 / 1
403,K J Crocker,CentralPark,227,45,19.82,36,15.85,11,24.44,-46.25,5.33 / 1
404,E Saville,Nottingham,543,79,14.54,86,15.83,28,35.44,-155.65,5.14 / 1
405,D L Cross,Doncaster,575,81,14.08,91,15.82,24,29.62,-119.82,5.28 / 1
406,C D Marston,Monmore,1640,255,15.54,259,15.79,78,30.58,-431.78,5.35 / 1
407,D K Hurlock,CentralPark,2294,360,15.69,362,15.78,115,31.94,-649.43,5.46 / 1
408,R Peckham,Yarmouth,19,5,26.31,3,15.78,3,60.00,-11.49,3.16 / 1
409,S W Deakin,PerryBarr,1876,338,18.01,296,15.77,95,28.10,-467.19,4.99 / 1
410,J Robinson,Kinsley,704,121,17.18,111,15.76,37,30.57,-183.40,4.71 / 1
411,I J Barnard,Yarmouth,1307,208,15.91,206,15.76,63,30.28,-352.81,5.14 / 1
412,R W Butler,CentralPark,838,121,14.43,132,15.75,35,28.92,-215.74,6.14 / 1
413,A D Lumb,Sheffield,89,14,15.73,14,15.73,5,35.71,-43.62,4.79 / 1
414,J S Atkins,Harlow,89,7,7.87,14,15.73,2,28.57,-7.50,5.24 / 1
415,G E Evans,Romford,1198,254,21.20,188,15.69,74,29.13,-390.97,4.64 / 1
416,L E Morrison,Crayford,555,113,20.36,87,15.67,36,31.85,-172.64,5.13 / 1
417,T J Dornan,Hove,134,38,28.35,21,15.67,10,26.31,-44.68,4.55 / 1
418,J M Walton,Sheffield,868,143,16.47,136,15.66,53,37.06,-269.56,5.17 / 1
419,J Scott,Kinsley,441,74,16.78,69,15.64,17,22.97,-136.52,4.77 / 1
420,R Hale,Newcastle,224,45,20.08,35,15.62,14,31.11,-72.08,4.21 / 1
421,T G Edgar,Newcastle,1719,221,12.85,268,15.59,61,27.60,-395.91,5.26 / 1
422,J A Danahar,PerryBarr,77,10,12.98,12,15.58,5,50.00,-35.08,5.39 / 1
423,M J Watson,PelawGrange,103,26,25.24,16,15.53,5,19.23,-57.31,3.84 / 1
424,A J Taylor,Hove,1217,167,13.72,189,15.52,49,29.34,-232.11,5.58 / 1
425,K M Oflaherty,Romford,586,97,16.55,91,15.52,30,30.92,-150.03,5.42 / 1
426,A R Upton,PerryBarr,84,13,15.47,13,15.47,5,38.46,-21.37,4.91 / 1
427,W Finley,Newcastle,233,51,21.88,36,15.45,16,31.37,-91.90,4.57 / 1
428,C Mcnicholas,Sunderland,1921,300,15.61,296,15.4,106,35.33,-526.19,5.3 / 1
429,D Robinson,PelawGrange,13,0,0.00,2,15.38,0,0.00,-11.00,8 / 1
430,P Mingay,Yarmouth,26,2,7.69,4,15.38,1,50.00,-8.62,4.88 / 1
431,P T Henman,Towcester,13,1,7.69,2,15.38,1,100.00,-7.12,5.56 / 1
432,R P Hamilton,Towcester,26,5,19.23,4,15.38,2,40.00,-13.50,4.27 / 1
433,R H Tungatt,Henlow,52,4,7.69,8,15.38,1,25.00,-16.00,4.92 / 1
434,G Andreas,Hove,1621,208,12.83,249,15.36,60,28.84,-359.75,5.58 / 1
435,D D Porter,Swindon,2363,316,13.37,363,15.36,100,31.64,-567.55,5.1 / 1
436,S Roberts,Newcastle,1081,181,16.74,166,15.35,41,22.65,-295.44,4.95 / 1
437,G C Wright,Swindon,980,158,16.12,150,15.3,42,26.58,-280.77,4.82 / 1
438,R Thompson,Sunderland,366,65,17.75,56,15.3,16,24.61,-126.06,5.69 / 1
439,S Naylor,Sheffield,262,57,21.75,40,15.26,16,28.07,-113.55,4.12 / 1
440,D R Jinks,Harlow,525,92,17.52,80,15.23,22,23.91,-156.69,4.72 / 1
441,P J Browne,Hove,210,65,30.95,32,15.23,14,21.53,-76.83,4.01 / 1
442,P C White,Nottingham,138,29,21.01,21,15.21,11,37.93,-58.01,4.92 / 1
443,T Bedford,Sheffield,776,92,11.85,118,15.2,35,38.04,-197.29,5.51 / 1
444,R F Yeates,Hove,579,101,17.44,88,15.19,24,23.76,-143.94,5.17 / 1
445,R C Hardy,Doncaster,191,31,16.23,29,15.18,11,35.48,-77.70,4.8 / 1
446,R Short,Towcester,79,7,8.86,12,15.18,1,14.28,-49.75,3.77 / 1
447,E A Lagan,Sunderland,501,91,18.16,76,15.16,27,29.67,-143.28,5.09 / 1
448,P R Spragg,PerryBarr,363,42,11.57,55,15.15,17,40.47,-92.05,5.11 / 1
449,R J Holloway,CentralPark,33,4,12.12,5,15.15,1,25.00,-13.00,5.07 / 1
450,S W L Chappell,Swindon,119,21,17.64,18,15.12,5,23.80,-29.52,4.91 / 1
451,M J Fieldson,Sunderland,886,122,13.76,134,15.12,38,31.14,-230.60,5.16 / 1
452,J D Payne,CentralPark,516,72,13.95,78,15.11,27,37.50,-146.40,5.71 / 1
453,J H Smith,PerryBarr,391,50,12.78,59,15.08,11,22.00,-81.08,5.14 / 1
454,M J Richards,Towcester,358,58,16.20,54,15.08,17,29.31,-100.48,5.12 / 1
455,J S Atkins,Swindon,113,27,23.89,17,15.04,9,33.33,-49.90,4.83 / 1
456,P J R Steward,Henlow,572,104,18.18,86,15.03,34,32.69,-217.39,4.8 / 1
457,T J Nevin,Henlow,1758,263,14.96,264,15.01,82,31.17,-519.43,5.62 / 1
458,J Mcgee,Newcastle,20,9,45.00,3,15,2,22.22,-7.25,3.61 / 1
459,M Haythorne,Doncaster,1133,148,13.06,170,15,36,24.32,-270.95,5.55 / 1
460,M H Rees,Kinsley,40,3,7.50,6,15,1,33.33,-12.75,4.59 / 1
461,P B Philpott,Towcester,513,66,12.86,77,15,21,31.81,-147.24,5.43 / 1
462,R A Pleasants,Yarmouth,60,6,10.00,9,15,1,16.66,-8.25,5.39 / 1
463,G L Thomas,PerryBarr,40,4,10.00,6,15,2,50.00,-12.18,4.91 / 1
464,D L Fretwell,Sheffield,547,71,12.97,82,14.99,23,32.39,-143.89,5.56 / 1
465,A R Timbrell,Nottingham,107,16,14.95,16,14.95,6,37.50,-44.08,5 / 1
466,D K Hurlock,Harlow,790,117,14.81,118,14.93,32,27.35,-219.75,4.57 / 1
467,P Singlewood,Newcastle,241,59,24.48,36,14.93,17,28.81,-105.19,4.33 / 1
468,G A Stark,Newcastle,617,106,17.17,92,14.91,32,30.18,-238.43,4.75 / 1
469,G E Hepden,Swindon,322,42,13.04,48,14.9,16,38.09,-94.07,5.16 / 1
470,K J Crocker,Towcester,255,31,12.15,38,14.9,10,32.25,-90.36,5.54 / 1
471,S Atkinson,Nottingham,336,47,13.98,50,14.88,20,42.55,-94.20,5.88 / 1
472,D J Hammond,Kinsley,316,58,18.35,47,14.87,11,18.96,-102.62,4.52 / 1
473,S Harms,Towcester,74,4,5.41,11,14.86,0,0.00,-15.17,5.08 / 1
474,G A Stark,Sunderland,350,75,21.42,52,14.85,19,25.33,-123.19,4.38 / 1
475,J K Little,Swindon,660,98,14.84,98,14.84,18,18.36,-139.86,5.32 / 1
476,D Childs,Crayford,1544,242,15.67,229,14.83,61,25.20,-505.91,5.3 / 1
477,W M Lyons,Kinsley,1289,185,14.35,191,14.81,54,29.18,-353.76,4.89 / 1
478,J J March,CentralPark,108,16,14.81,16,14.81,3,18.75,-32.49,5.59 / 1
479,P V Whitwood,Yarmouth,27,10,37.03,4,14.81,2,20.00,-11.00,3.53 / 1
480,D J Atkins,Towcester,81,21,25.92,12,14.81,7,33.33,-38.79,3.88 / 1
481,E Richards,Monmore,750,139,18.53,111,14.8,40,28.77,-224.88,5.17 / 1
482,S Atkinson,Henlow,331,36,10.87,49,14.8,14,38.88,-75.40,5.94 / 1
483,G E Elwell,Henlow,967,128,13.23,143,14.78,37,28.90,-258.91,5.64 / 1
484,M E Lucas,Romford,494,102,20.64,73,14.77,30,29.41,-183.18,4.59 / 1
485,A S Mcpherson,Nottingham,1090,122,11.19,161,14.77,46,37.70,-317.95,6.21 / 1
486,C Jones,Monmore,874,143,16.36,129,14.75,39,27.27,-264.37,5.28 / 1
487,S A Clark,Harlow,1079,152,14.08,159,14.73,39,25.65,-321.84,4.94 / 1
488,A P Tuffin,Henlow,190,33,17.36,28,14.73,9,27.27,-74.41,5.03 / 1
489,K J Cobbold,Harlow,177,40,22.59,26,14.68,8,20.00,-55.87,4.3 / 1
490,M A Dagley,Kinsley,218,29,13.30,32,14.67,11,37.93,-75.17,5.13 / 1
491,G L Davidson,Hove,861,139,16.14,126,14.63,53,38.12,-334.43,5.19 / 1
492,D A Curry,PelawGrange,82,15,18.29,12,14.63,5,33.33,-41.86,4.3 / 1
493,H Burton,PelawGrange,130,22,16.92,19,14.61,4,18.18,-33.95,5.42 / 1
494,S J Cull,PerryBarr,528,78,14.77,77,14.58,23,29.48,-178.11,5.28 / 1
495,M Gray,PelawGrange,96,13,13.54,14,14.58,5,38.46,-50.27,4.94 / 1
496,M J Mayo,PerryBarr,206,44,21.35,30,14.56,10,22.72,-68.19,4.45 / 1
497,P W Gregson,Sheffield,701,90,12.83,102,14.55,33,36.66,-222.34,5.68 / 1
498,S R Pilgrim,Swindon,289,61,21.10,42,14.53,15,24.59,-91.12,4.28 / 1
499,M R French,Yarmouth,172,38,22.09,25,14.53,9,23.68,-76.45,4.42 / 1
500,J A Danahar,Swindon,750,95,12.66,109,14.53,29,30.52,-211.62,6 / 1
501,W E Link,Doncaster,131,12,9.16,19,14.5,3,25.00,-37.50,4.75 / 1
502,P H Harnden,Nottingham,869,196,22.55,126,14.49,60,30.61,-367.93,4.5 / 1
503,V K Thom,Yarmouth,297,37,12.45,43,14.47,15,40.54,-94.23,5.63 / 1
504,S A Aveline,PerryBarr,367,56,15.25,53,14.44,19,33.92,-140.40,4.82 / 1
505,K Dobson,Kinsley,97,17,17.52,14,14.43,2,11.76,-23.79,4.61 / 1
506,M Dobson,Sheffield,222,33,14.86,32,14.41,13,39.39,-99.11,4.76 / 1
507,K M Tobin,Henlow,576,107,18.57,83,14.4,29,27.10,-195.53,5.05 / 1
508,J M Ray,Henlow,1990,320,16.08,286,14.37,107,33.43,-696.19,5.35 / 1
509,D Jeans,Towcester,627,68,10.84,90,14.35,25,36.76,-232.03,5.77 / 1
510,K Bowman,Doncaster,1423,188,13.21,204,14.33,61,32.44,-441.88,5.7 / 1
511,I E Walker,PerryBarr,1005,103,10.24,144,14.32,38,36.89,-266.80,5.98 / 1
512,W E Smith,Kinsley,112,14,12.50,16,14.28,3,21.42,-21.62,5.8 / 1
513,D J Dawe,Swindon,378,46,12.16,54,14.28,15,32.60,-99.54,5.34 / 1
514,G S Hamilton,Yarmouth,49,8,16.32,7,14.28,2,25.00,-13.99,5.38 / 1
515,G Fearnley,PelawGrange,21,1,4.76,3,14.28,0,0.00,-7.00,4.46 / 1
516,D A G Richardson,Yarmouth,7,2,28.57,1,14.28,0,0.00,-2.67,3.46 / 1
517,P G Broome,Henlow,400,40,10.00,57,14.25,17,42.50,-137.58,5.81 / 1
518,W Brown,Sheffield,169,28,16.56,24,14.2,6,21.42,-49.91,5.2 / 1
519,L A Taylorson,Doncaster,944,150,15.88,134,14.19,39,26.00,-322.71,5.26 / 1
520,P J Browne,Swindon,162,48,29.62,23,14.19,14,29.16,-74.83,4.05 / 1
521,P B Witchell,Harlow,416,63,15.14,59,14.18,18,28.57,-141.60,5.2 / 1
522,J S J Simpson,Romford,1132,111,9.81,160,14.13,28,25.22,-262.18,6.27 / 1
523,D J Atkins,Henlow,78,17,21.79,11,14.1,4,23.52,-36.75,3.56 / 1
524,R J Overton,Henlow,319,48,15.04,45,14.1,11,22.91,-102.74,5.31 / 1
525,R Holt,Sheffield,78,10,12.82,11,14.1,5,50.00,-35.54,5.14 / 1
526,R H Peckover,Henlow,50,13,26.00,7,14,2,15.38,-23.62,3.63 / 1
527,J R Hall,PerryBarr,1322,158,11.95,185,13.99,51,32.27,-449.46,5.38 / 1
528,J E Harvey,Hove,186,17,9.14,26,13.97,4,23.52,-44.21,6.21 / 1
529,L Short,PerryBarr,129,40,31.00,18,13.95,8,20.00,-45.11,4.25 / 1
530,S M Hughes,Swindon,423,44,10.40,59,13.94,12,27.27,-127.17,5.54 / 1
531,J R Daly,Harlow,1256,149,11.86,175,13.93,30,20.13,-331.37,5.14 / 1
532,N G Britton,PerryBarr,122,23,18.85,17,13.93,6,26.08,-48.05,4.59 / 1
533,D Jeans,CentralPark,115,14,12.17,16,13.91,3,21.42,-39.29,5.66 / 1
534,D Brock,Harlow,680,97,14.26,94,13.82,25,25.77,-243.51,4.63 / 1
535,V A Lea,Towcester,624,83,13.30,86,13.78,31,37.34,-295.32,5.3 / 1
536,F Gilbert,PerryBarr,80,10,12.50,11,13.75,3,30.00,-34.79,5.32 / 1
537,B M Nicholls,Harlow,896,96,10.71,123,13.72,25,26.04,-232.97,5.44 / 1
538,P Crowson,Towcester,51,3,5.88,7,13.72,2,66.66,-22.75,5.45 / 1
539,P D Sanderson,Sheffield,505,53,10.49,69,13.66,20,37.73,-183.24,5.87 / 1
540,M May,PerryBarr,44,4,9.09,6,13.63,2,50.00,-20.67,5 / 1
541,J M Liles,Romford,1915,323,16.86,261,13.62,79,24.45,-671.71,5.24 / 1
542,J D Brain,Swindon,74,14,18.91,10,13.51,4,28.57,-35.54,4.34 / 1
543,D Webster,Doncaster,104,18,17.30,14,13.46,5,27.77,-30.67,4.97 / 1
544,K G Babe,PerryBarr,67,5,7.46,9,13.43,3,60.00,-29.42,5.64 / 1
545,V A Lea,Henlow,815,100,12.26,109,13.37,31,31.00,-331.01,5.97 / 1
546,R Pattinson,CentralPark,531,74,13.93,71,13.37,23,31.08,-213.29,5.46 / 1
547,G J Smith,Kinsley,30,3,10.00,4,13.33,0,0.00,-6.50,5.79 / 1
548,M H Fawsitt,Harlow,225,23,10.22,30,13.33,7,30.43,-75.71,5.26 / 1
549,K G Crew,Harlow,60,5,8.33,8,13.33,1,20.00,-20.25,4.57 / 1
550,D T Gomersall,Sheffield,225,44,19.55,30,13.33,12,27.27,-107.10,4.8 / 1
551,A B Gifkins,Crayford,15,1,6.67,2,13.33,0,0.00,-5.00,5.52 / 1
552,M Mavrias,CentralPark,827,79,9.55,110,13.3,26,32.91,-227.70,6.83 / 1
553,P Smith,Doncaster,196,35,17.85,26,13.26,11,31.42,-81.39,4.97 / 1
554,N Shine,Harlow,161,16,9.94,21,13.04,5,31.25,-65.58,5.61 / 1
555,C G Finch,Yarmouth,46,11,23.91,6,13.04,2,18.18,-22.30,3.86 / 1
556,A J West,PerryBarr,69,5,7.25,9,13.04,3,60.00,-16.37,5.53 / 1
557,B W Ashpole,Henlow,54,8,14.81,7,12.96,2,25.00,-21.50,5.66 / 1
558,D Calvert,Doncaster,1778,260,14.62,230,12.93,67,25.76,-658.35,5.55 / 1
559,P H Harnden,Towcester,572,96,16.78,74,12.93,26,27.08,-243.26,5.18 / 1
560,J T Foster,CentralPark,186,13,6.99,24,12.9,4,30.76,-37.00,7.1 / 1
561,A R Timbrell,Yarmouth,210,27,12.85,27,12.85,6,22.22,-54.49,5.71 / 1
562,J R Smith,Sheffield,966,104,10.76,124,12.83,33,31.73,-387.39,5.8 / 1
563,L Brown,Yarmouth,592,63,10.64,76,12.83,11,17.46,-178.07,6.06 / 1
564,J M Burridge,Swindon,94,15,15.95,12,12.76,3,20.00,-37.34,4.85 / 1
565,S J Pedder,Nottingham,79,21,26.58,10,12.65,5,23.80,-39.54,4.1 / 1
566,A B Mcdowell,Swindon,64,25,39.06,8,12.5,7,28.00,-40.10,3.64 / 1
567,P P Deal,Yarmouth,8,1,12.50,1,12.5,0,0.00,-2.50,4.98 / 1
568,P P Deal,Towcester,32,5,15.62,4,12.5,1,20.00,-12.75,4.66 / 1
569,P J Dolby,Towcester,24,1,4.17,3,12.5,1,100.00,-8.25,4.84 / 1
570,L E Morrison,Harlow,48,8,16.66,6,12.5,1,12.50,-17.99,4.61 / 1
571,G M Smith,Monmore,16,2,12.50,2,12.5,0,0.00,-8.00,6.79 / 1
572,R Thompson,Doncaster,369,50,13.55,46,12.46,15,30.00,-151.54,6.01 / 1
573,M A Roberts,Nottingham,146,32,21.91,18,12.32,8,25.00,-82.71,4.33 / 1
574,M A P Odonnell,Sheffield,544,58,10.66,67,12.31,20,34.48,-224.56,6.14 / 1
575,L J Macmanus,Doncaster,138,30,21.73,17,12.31,7,23.33,-76.24,4.59 / 1
576,W C Munden,Towcester,172,22,12.79,21,12.2,6,27.27,-65.69,5.2 / 1
577,J S Atkins,CentralPark,222,26,11.71,27,12.16,8,30.76,-93.32,6.05 / 1
578,R M Emery,CentralPark,66,8,12.12,8,12.12,1,12.50,-26.83,5.08 / 1
579,J Dignall,PelawGrange,33,3,9.09,4,12.12,1,33.33,-14.09,4.89 / 1
580,R W Liddington,Towcester,100,9,9.00,12,12,2,22.22,-42.25,6.77 / 1
581,C J Mckitten,PelawGrange,25,2,8.00,3,12,1,50.00,-12.25,4.83 / 1
582,R Hale,PelawGrange,34,4,11.76,4,11.76,1,25.00,-15.50,5.44 / 1
583,C M Campbell,PelawGrange,34,6,17.64,4,11.76,3,50.00,-19.00,4.41 / 1
584,M Brazil,Harlow,17,0,0.00,2,11.76,0,0.00,-6.00,8.06 / 1
585,K A Kennedy,PelawGrange,274,32,11.67,32,11.67,10,31.25,-140.99,5.9 / 1
586,D J Prentice,Yarmouth,129,22,17.05,15,11.62,5,22.72,-64.71,5.45 / 1
587,J J Heath,Crayford,228,57,25.00,26,11.4,8,14.03,-123.08,4.61 / 1
588,K A Daly,Crayford,407,50,12.28,46,11.3,10,20.00,-148.16,6.38 / 1
589,T Atkins,CentralPark,144,19,13.19,16,11.11,5,26.31,-60.92,5.29 / 1
590,P A Braithwaite,Towcester,433,50,11.54,47,10.85,10,20.00,-207.54,5.42 / 1
591,F J Gray,Henlow,122,33,27.04,13,10.65,6,18.18,-65.75,5.31 / 1
592,S Smith,Kinsley,79,13,16.45,8,10.12,3,23.07,-36.62,5.21 / 1
593,G Douglas,Kinsley,169,26,15.38,17,10.05,7,26.92,-84.03,5.31 / 1
594,P J Dolby,Henlow,40,9,22.50,4,10,2,22.22,-24.87,5.44 / 1
595,D N Cowell,PelawGrange,20,1,5.00,2,10,0,0.00,-11.50,6.6 / 1
596,A J Steele,PerryBarr,50,1,2.00,5,10,1,100.00,-29.51,5.57 / 1
597,K P Boon,Towcester,10,2,20.00,1,10,0,0.00,-1.00,4.28 / 1
598,D Bowe,PelawGrange,60,7,11.66,6,10,1,14.28,-29.44,5.11 / 1
599,W Jobes,PelawGrange,10,0,0.00,1,10,0,0.00,-9.00,0 / 1
600,T J Nevin,Towcester,30,0,0.00,3,10,0,0.00,-24.00,5.39 / 1
601,P Lithgow,Newcastle,101,25,24.75,10,9.9,3,12.00,-55.12,4.3 / 1
602,R Jones,Towcester,61,9,14.75,6,9.84,1,11.11,-37.00,4.54 / 1
603,R E Perkins,Sheffield,409,32,7.82,40,9.78,8,25.00,-217.00,6.64 / 1
604,A Jones,PelawGrange,21,3,14.28,2,9.52,1,33.33,-17.50,4.36 / 1
605,R W Liddington,Henlow,21,1,4.76,2,9.52,0,0.00,-10.00,6.02 / 1
606,J G Bamling,Doncaster,11,2,18.18,1,9.09,0,0.00,-5.00,4.36 / 1
607,G J R Hamilton,PelawGrange,33,2,6.06,3,9.09,1,50.00,-21.25,6.1 / 1
608,T F Beaumont,Yarmouth,11,1,9.09,1,9.09,1,100.00,-8.62,5.81 / 1
609,J D Ball,Henlow,11,0,0.00,1,9.09,0,0.00,2.00,7 / 1
610,J M Ray,Towcester,12,0,0.00,1,8.33,0,0.00,-11.00,3 / 1
611,R B Harwood,Kinsley,26,3,11.53,2,7.69,0,0.00,-17.17,4.09 / 1
612,L A Sawyer,Towcester,26,5,19.23,2,7.69,1,20.00,-16.50,5.27 / 1
613,J Moss,PelawGrange,81,0,0.00,6,7.41,0,0.00,-60.00,8.91 / 1
614,B Carruthers,PelawGrange,28,6,21.42,2,7.14,1,16.66,-21.25,3.96 / 1
615,J E Hayton,Kinsley,30,6,20.00,2,6.67,1,16.66,-20.87,4.84 / 1
616,D J Grainge,PelawGrange,17,4,23.52,1,5.88,1,25.00,-14.25,2.67 / 1
617,R Ellis,PelawGrange,18,1,5.56,1,5.56,0,0.00,-17.00,5.79 / 1
618,J M Foreman,PelawGrange,20,0,0.00,1,5,0,0.00,-16.75,9.48 / 1
619,T Simmons,Henlow,20,9,45.00,1,5,1,11.11,-18.00,4.51 / 1
620,G A Payne,Towcester,21,9,42.85,1,4.76,1,11.11,-18.90,2.45 / 1
621,C H Raymond,PelawGrange,25,5,20.00,1,4,1,20.00,-21.50,4.42 / 1
622,C M Dibb,Harlow,56,12,21.42,2,3.57,1,8.33,-49.00,5.21 / 1
623,C J Lister,PelawGrange,3,0,0.00,0,0,0,0.00,-3.00,8 / 1
624,C J Joyce,Henlow,1,0,0.00,0,0,0,0.00,-1.00,3 / 1
625,D Talbot,Kinsley,6,1,16.66,0,0,0,0.00,-6.00,7.04 / 1
626,R A Jones,Swindon,3,0,0.00,0,0,0,0.00,-3.00,6.33 / 1
627,M R Pike,Towcester,7,1,14.28,0,0,0,0.00,-7.00,4.18 / 1
628,H Thompson-brown,Doncaster,2,0,0.00,0,0,0,0.00,-2.00,7.25 / 1
629,P Moore,Sheffield,1,1,100.00,0,0,0,0.00,-1.00,0.8 / 1
630,K J Ohara,Kinsley,12,3,25.00,0,0,0,0.00,-12.00,4.89 / 1
631,N Mcellistrim,Hove,11,0,0.00,0,0,0,0.00,-11.00,6.98 / 1
632,S Bennett,Kinsley,7,0,0.00,0,0,0,0.00,-7.00,4.8 / 1
633,W R Russell,PerryBarr,3,0,0.00,0,0,0,0.00,-3.00,6.17 / 1
634,B S Harding,PerryBarr,11,2,18.18,0,0,0,0.00,-11.00,6.27 / 1
635,P Marchant,Towcester,1,0,0.00,0,0,0,0.00,-1.00,9 / 1
636,R P Simpson,Towcester,9,3,33.33,0,0,0,0.00,-9.00,2.57 / 1
637,D K Warden,Yarmouth,3,0,0.00,0,0,0,0.00,-3.00,4.17 / 1
638,M E Lucas,Yarmouth,1,0,0.00,0,0,0,0.00,-1.00,10 / 1
639,R B Carson,PelawGrange,2,0,0.00,0,0,0,0.00,-2.00,7.25 / 1
640,J O Mcdonald,Towcester,1,0,0.00,0,0,0,0.00,-1.00,8 / 1
641,A Ali,Towcester,2,2,100.00,0,0,0,0.00,-2.00,1.65 / 1
642,K G Campbell,PelawGrange,1,0,0.00,0,0,0,0.00,-1.00,6 / 1
643,J Carter,PelawGrange,3,0,0.00,0,0,0,0.00,-3.00,4.33 / 1
644,N E M Mcellistrim,Romford,1,0,0.00,0,0,0,0.00,-1.00,4.5 / 1
645,R F Yeates,Romford,3,0,0.00,0,0,0,0.00,-3.00,9 / 1
646,J T Kingsley,Romford,2,0,0.00,0,0,0,0.00,-2.00,7 / 1
647,S Maplesden,Romford,1,0,0.00,0,0,0,0.00,-1.00,7 / 1
648,A E Gardiner,Romford,2,0,0.00,0,0,0,0.00,-2.00,7.5 / 1
649,R Thomson,PelawGrange,2,0,0.00,0,0,0,0.00,-2.00,10 / 1
650,J J Gornall,Towcester,5,1,20.00,0,0,0,0.00,-5.00,5.05 / 1
651,J T Kingsley,Crayford,7,0,0.00,0,0,0,0.00,-7.00,5 / 1
652,M E Westwood,Towcester,2,2,100.00,0,0,0,0.00,-2.00,1.63 / 1
653,A R Upton,Sheffield,12,0,0.00,0,0,0,0.00,-12.00,6.25 / 1
654,A Curtis,PelawGrange,6,1,16.66,0,0,0,0.00,-6.00,4.25 / 1
655,C Harker,PelawGrange,1,0,0.00,0,0,0,0.00,-1.00,6 / 1
656,A W Cartwright,Harlow,10,1,10.00,0,0,0,0.00,-10.00,6.55 / 1
657,P Crowson,Henlow,3,1,33.33,0,0,0,0.00,-3.00,8.83 / 1
658,D Little,PelawGrange,1,0,0.00,0,0,0,0.00,-1.00,3.5 / 1
